,title,fName,lName,city,country,email,phone,dob
0,Mr,Lino,Dupuis,Lille,France,lino.dupuis@example.com,03-47-34-10-12,1946-09-04T00:37:42.103Z
1,Ms,Sam,Medina,Lisburn,United Kingdom,sam.medina@example.com,017687 65392,1954-12-13T11:15:38.403Z
2,Mr,Charles,Carpentier,Tourcoing,France,charles.carpentier@example.com,03-42-50-10-59,1960-06-29T13:05:12.346Z
3,Mr,Lloyd,Mendoza,Stoke-on-Trent,United Kingdom,lloyd.mendoza@example.com,017683 57449,1956-05-14T00:04:54.353Z
4,Mr,Tiago,Leclercq,Nancy,France,tiago.leclercq@example.com,01-77-21-14-64,1950-04-20T18:13:19.385Z
5,Ms,Lola,Larson,Birr,Ireland,lola.larson@example.com,021-679-2685,1974-06-10T09:24:29.830Z
6,Mrs,Tora,Mentzoni,Ålvik,Norway,tora.mentzoni@example.com,50777946,1996-01-22T04:18:58.974Z
7,Mr,Brandon,Wright,Clane,Ireland,brandon.wright@example.com,021-009-6532,1949-02-18T09:43:37.371Z
8,Mr,Roger,Fernandez,Albury,Australia,roger.fernandez@example.com,06-1202-9094,1974-09-30T16:54:54.637Z
9,Mrs,هلیا,موسوی,همدان,Iran,hly.mwswy@example.com,044-31608410,1947-05-21T00:36:34.580Z
10,Mrs,Camila,Phillips,Cedar Rapids,United States,camila.phillips@example.com,(501) 686-3181,1984-02-08T13:12:29.098Z
11,Mr,Roland,Pearson,Wexford,Ireland,roland.pearson@example.com,071-146-4887,1990-02-22T22:06:11.999Z
12,Mr,Oliver,Margaret,Campbellton,Canada,oliver.margaret@example.com,T78 N52-1505,1961-07-14T00:02:09.109Z
13,Mr,Jayden,Carr,Bendigo,Australia,jayden.carr@example.com,04-8621-1163,1958-01-25T03:24:50.574Z
14,Ms,Malu,Belt,Gelderswoude,Netherlands,malu.belt@example.com,(078) 6329301,1959-12-17T23:12:53.711Z
15,Mr,Arthur,Moore,Invercargill,New Zealand,arthur.moore@example.com,(325)-498-0386,1967-10-17T14:32:11.604Z
16,Mrs,Vishishta,Singh,Kharagpur,India,vishishta.singh@example.com,8783725588,1995-03-02T08:42:13.759Z
17,Miss,Alexandra,Laurent,Colombes,France,alexandra.laurent@example.com,04-10-93-41-34,1950-03-23T11:55:34.174Z
18,Miss,Maria,Møller,Ishoej,Denmark,maria.moller@example.com,40946152,1961-05-14T04:08:14.222Z
19,Mr,Wayne,Rice,Cedar Hill,United States,wayne.rice@example.com,(872) 719-4073,1947-04-07T19:55:05.937Z
20,Ms,Fanny,Bjerkli,Steinkjer,Norway,fanny.bjerkli@example.com,63357650,1984-01-07T14:05:48.233Z
21,Mr,Emil,Mortensen,Roskilde,Denmark,emil.mortensen@example.com,03575123,1985-07-03T03:00:39.880Z
22,Mr,Tobias,Kristensen,Tisvilde,Denmark,tobias.kristensen@example.com,10809755,1972-03-30T16:52:38.360Z
23,Mr,Jairo,Acosta,San José del Cabo,Mexico,jairo.acosta@example.com,(621) 252 1853,1946-12-04T04:04:28.354Z
24,Mr,Samesh,Chavare,Gwalior,India,samesh.chavare@example.com,7853356979,1963-03-15T12:34:52.784Z
25,Monsieur,Georgios,Blanc,Homburg,Switzerland,georgios.blanc@example.com,077 646 64 58,1948-03-17T20:36:14.632Z
26,Mrs,Sannah,Donners,Garminge,Netherlands,sannah.donners@example.com,(0166) 642803,1950-03-02T20:06:01.710Z
27,Ms,Samantha,Singh,Hallingby,Norway,samantha.singh@example.com,56385649,1985-01-27T08:39:33.148Z
28,Mrs,Liane,Roß,Aub,Germany,liane.ross@example.com,0099-0522512,1972-09-04T09:20:19.238Z
29,Miss,Iina,Takala,Mikkeli,Finland,iina.takala@example.com,05-334-990,1992-01-11T12:39:14.447Z
30,Mr,Jacinto,Arce,General Bravo,Mexico,jacinto.arce@example.com,(626) 177 3602,1999-07-19T19:28:20.492Z
31,Miss,Sneha,Dsouza,Buxar,India,sneha.dsouza@example.com,7891003138,1982-08-26T13:20:49.288Z
32,Mr,Luka,Lauritsen,Lauve,Norway,luka.lauritsen@example.com,56236199,1999-09-25T08:40:55.213Z
33,Mr,Tarosik,Kishka,Bashtanka,Ukraine,tarosik.kishka@example.com,(068) C58-5973,1979-03-16T10:56:53.370Z
34,Miss,Sheila,Green,Santa Rosa,United States,sheila.green@example.com,(333) 566-0174,1954-07-26T12:09:57.442Z
35,Miss,Patricia,Fernández,Teteles,Mexico,patricia.fernandez@example.com,(636) 363 9268,1948-02-12T06:02:10.509Z
36,Mrs,رونیکا,کریمی,بوشهر,Iran,rwnykh.khrymy@example.com,062-15980591,1951-03-19T10:49:30.663Z
37,Mr,Tobias,Kristensen,Gl. Rye,Denmark,tobias.kristensen@example.com,13571395,1956-08-11T00:01:24.242Z
38,Mr,Nitesh,Nair,Ludhiana,India,nitesh.nair@example.com,7819670625,1991-06-05T15:47:46.579Z
39,Mr,Lukas,Aden,Vingrom,Norway,lukas.aden@example.com,66871149,1970-06-27T20:13:02.174Z
40,Mr,Luis Manuel,Llamas,San Francisco del Oro,Mexico,luismanuel.llamas@example.com,(690) 905 2233,1946-12-03T14:17:34.624Z
41,Mr,Macit,Ayaydın,Niğde,Turkey,macit.ayaydin@example.com,(771)-663-7372,1994-07-14T19:05:59.782Z
42,Mr,Leevi,Saarinen,Savukoski,Finland,leevi.saarinen@example.com,07-033-348,1983-04-08T05:46:06.115Z
43,Ms,Marina,Ibáñez,Arrecife,Spain,marina.ibanez@example.com,964-966-651,1955-03-25T00:27:32.750Z
44,Mrs,Saheli,Manjunath,Nadiad,India,saheli.manjunath@example.com,7626598178,1983-04-06T04:53:56.963Z
45,Ms,Fedora,Savchuk,Volodimir-Volinskiy,Ukraine,fedora.savchuk@example.com,(067) K95-8929,1982-11-14T12:09:21.054Z
46,Mrs,Mlada,Kubiv,Nosivka,Ukraine,mlada.kubiv@example.com,(067) Q83-8639,2000-10-04T14:25:39.762Z
47,Mrs,Nella,Polon,Seinäjoki,Finland,nella.polon@example.com,05-180-471,1949-11-18T12:35:49.579Z
48,Monsieur,Ralph,Henry,Saint-Léonard,Switzerland,ralph.henry@example.com,076 584 36 72,1959-08-27T08:06:42.803Z
49,Ms,Amy,Spencer,Richardson,United States,amy.spencer@example.com,(941) 792-5502,1968-03-25T19:18:54.492Z
