,title,fName,lName,city,country,email,phone,dob
0,Mr,Troy,Palmer,Clane,Ireland,troy.palmer@example.com,031-826-4036,1985-07-12T21:53:26.750Z
1,Miss,Evie,King,Rotorua,New Zealand,evie.king@example.com,(221)-807-8349,1973-09-21T04:16:52.731Z
2,Mr,Rubén,Lebrón,Parrilla Primera Sección,Mexico,ruben.lebron@example.com,(682) 141 3722,1944-10-11T15:29:11.164Z
3,Mr,Åsmund,Thoen,Inndyr,Norway,asmund.thoen@example.com,56304507,1961-12-16T12:20:35.393Z
4,Mr,Thomas,Kvaale,Spetalen,Norway,thomas.kvaale@example.com,58011762,1975-01-15T16:11:33.495Z
5,Mrs,Nina,Skaugen,Nordstrand,Norway,nina.skaugen@example.com,68007920,1985-03-02T01:42:25.757Z
6,Mrs,Deniz,Sözeri,Kocaeli,Turkey,deniz.sozeri@example.com,(838)-173-6594,1957-08-03T19:36:18.356Z
7,Mademoiselle,Milena,Martinez,Stetten (Sh),Switzerland,milena.martinez@example.com,079 685 80 16,1982-11-13T19:53:33.918Z
8,Mrs,Zoe,Austin,Stoke-on-Trent,United Kingdom,zoe.austin@example.com,016973 56391,1965-07-06T18:54:57.043Z
9,Monsieur,Helmut,Vincent,Zuoz,Switzerland,helmut.vincent@example.com,076 519 01 72,1965-05-04T16:37:06.126Z
10,Mrs,Gorana,Rađen,Batočina,Serbia,gorana.raden@example.com,010-5086-187,1959-08-12T06:53:06.145Z
11,Mr,Matas,Torbjørnsen,Storsteinnes,Norway,matas.torbjornsen@example.com,65650821,1994-03-16T22:43:14.188Z
12,Mr,Ümit,Köylüoğlu,Bolu,Turkey,umit.koyluoglu@example.com,(932)-067-6076,1968-06-23T04:56:16.845Z
13,Ms,Julia,Moreau,Villeurbanne,France,julia.moreau@example.com,01-06-92-17-77,1976-04-12T13:41:16.348Z
14,Mr,Akseli,Hanninen,Eckerö,Finland,akseli.hanninen@example.com,03-318-852,1973-12-29T19:49:25.232Z
15,Mr,Balhaar,Fernandes,Berhampur,India,balhaar.fernandes@example.com,8207487231,1983-06-19T08:31:51.450Z
16,Mr,Noah,Lavoie,Westport,Canada,noah.lavoie@example.com,J05 L28-3322,1946-07-01T06:34:11.916Z
17,Mr,Ernesto,Giménez,Santiago de Compostela,Spain,ernesto.gimenez@example.com,951-545-645,1954-04-06T03:24:00.792Z
18,Mr,Asher,Patel,Auckland,New Zealand,asher.patel@example.com,(425)-420-1132,1985-02-21T05:12:10.094Z
19,Ms,Prakruthi,Kumar,South Dumdum,India,prakruthi.kumar@example.com,7300627086,1985-02-18T14:11:55.301Z
20,Miss,Elizabeth,Anderson,Invercargill,New Zealand,elizabeth.anderson@example.com,(622)-006-2410,1986-07-08T14:37:11.491Z
21,Miss,Carol,Reynolds,Stoke-on-Trent,United Kingdom,carol.reynolds@example.com,015396 14100,1946-05-09T02:13:18.905Z
22,Mr,Liam,Richardson,Ballarat,Australia,liam.richardson@example.com,04-0334-9871,1979-06-10T22:48:19.459Z
23,Mr,Andre,Rogers,Laytown-Bettystown-Mornington,Ireland,andre.rogers@example.com,051-503-4374,1974-03-07T22:49:51.231Z
24,Mrs,Jade,Harris,Cumberland,Canada,jade.harris@example.com,X27 K43-4486,1997-02-09T05:51:44.120Z
25,Mr,Macit,Akal,Iğdır,Turkey,macit.akal@example.com,(824)-368-8250,1987-08-25T11:10:55.254Z
26,Miss,Vicky,Jackson,Belfast,United Kingdom,vicky.jackson@example.com,0117233 547 0201,1996-05-11T09:45:14.299Z
27,Mr,Jorge,Carmona,Arizpe,Mexico,jorge.carmona@example.com,(633) 769 2134,1959-12-17T05:04:43.775Z
28,Ms,Rosalia,Alemán,Santa Catarina Juquila,Mexico,rosalia.aleman@example.com,(668) 070 7618,1988-03-22T12:16:29.384Z
29,Mademoiselle,Joy,Morin,Hersberg,Switzerland,joy.morin@example.com,076 729 79 46,1975-01-10T20:50:50.202Z
30,Ms,Eleanor,Fowler,Galway,Ireland,eleanor.fowler@example.com,071-492-2638,1963-04-23T08:11:10.697Z
31,Mrs,Lily,Anderson,Wellington,New Zealand,lily.anderson@example.com,(973)-137-9856,1985-01-21T00:38:40.438Z
32,Mr,Omkaar,Acharya,Muzaffarpur,India,omkaar.acharya@example.com,8848048855,1959-09-13T01:01:02.647Z
33,Monsieur,Jörg,Garcia,Holderbank (So),Switzerland,jorg.garcia@example.com,079 690 69 13,1967-01-24T05:26:49.829Z
34,Mr,Arthur,Godø,Berg,Norway,arthur.godo@example.com,52886847,1947-04-29T08:58:47.381Z
35,Mrs,Diana,Duncan,Athy,Ireland,diana.duncan@example.com,051-697-7262,1988-08-01T12:05:51.151Z
36,Mrs,Sophia,Lee,Napier,New Zealand,sophia.lee@example.com,(775)-937-4742,1996-10-10T17:17:39.200Z
37,Mr,Arturo,Meraz,Francisco Javier Mina,Mexico,arturo.meraz@example.com,(629) 697 2388,1953-08-10T23:22:33.805Z
38,Mr,آرش,یاسمی,کرج,Iran,arsh.ysmy@example.com,050-72883425,1978-04-25T21:28:54.747Z
39,Mrs,بهار,یاسمی,ساری,Iran,bhr.ysmy@example.com,003-00746116,1968-03-05T08:36:40.994Z
40,Mr,Othman,Bennik,Noordgouwe,Netherlands,othman.bennik@example.com,(0475) 733510,1973-03-02T06:01:01.233Z
41,Mademoiselle,Mara,Berger,Furna,Switzerland,mara.berger@example.com,078 537 77 33,1945-02-01T06:53:10.061Z
42,Miss,Evelyn,King,Upper Hutt,New Zealand,evelyn.king@example.com,(867)-191-7004,1991-08-30T08:36:16.196Z
43,Ms,Anni,Jarvinen,Ikaalinen,Finland,anni.jarvinen@example.com,05-506-692,1961-07-29T20:46:19.895Z
44,Mr,Ismael,Román,Alicante,Spain,ismael.roman@example.com,982-035-354,1959-03-15T11:07:22.024Z
45,Mr,Tanveer,Saniel,Gangtok,India,tanveer.saniel@example.com,7650618822,1984-03-11T01:57:54.611Z
46,Ms,Fatma,Yorulmaz,Bilecik,Turkey,fatma.yorulmaz@example.com,(658)-776-0010,1988-08-16T13:25:24.779Z
47,Mrs,Rachel,Gautier,Rueil-Malmaison,France,rachel.gautier@example.com,03-81-53-59-73,1953-02-26T20:56:28.905Z
48,Mr,Leonard,Brooks,Adelaide,Australia,leonard.brooks@example.com,04-9645-7373,1976-09-28T16:33:02.638Z
49,Mrs,Heather,Romero,Kingston upon Hull,United Kingdom,heather.romero@example.com,016977 69517,1960-08-30T20:05:21.457Z
