,title,fName,lName,city,country,email,phone,dob
0,Miss,Hanna,Castro,Liverpool,United Kingdom,hanna.castro@example.com,015396 42941,1948-02-15T16:12:11.289Z
1,Mademoiselle,Roxane,Riviere,Muriaux,Switzerland,roxane.riviere@example.com,077 718 36 70,1998-03-15T16:56:07.507Z
2,Mr,Francisco,Zarate,Zacatlán,Mexico,francisco.zarate@example.com,(649) 711 2714,1958-05-04T06:27:10.747Z
3,Miss,Vibha,Dsouza,Kurnool,India,vibha.dsouza@example.com,9583042373,1960-03-18T00:59:14.437Z
4,Mademoiselle,Hana,Dupont,Épendes (Vd),Switzerland,hana.dupont@example.com,078 083 81 77,1944-10-20T13:23:37.776Z
5,Mr,Seth,Jimenez,Nowra,Australia,seth.jimenez@example.com,04-0824-3459,1966-06-29T10:05:56.066Z
6,Mr,Jonas,Mortensen,Silkeboeg,Denmark,jonas.mortensen@example.com,12307863,1959-10-08T12:47:11.479Z
7,Ms,Zorica,Vučetić,Crna Trava,Serbia,zorica.vucetic@example.com,032-4290-642,1970-03-27T21:08:10.162Z
8,Mr,Parv,Kamath,Faridabad,India,parv.kamath@example.com,9473713726,1958-12-19T01:33:07.496Z
9,Mr,Miro,Remes,Posio,Finland,miro.remes@example.com,07-248-930,1962-04-16T18:30:17.009Z
10,Mr,مانی,حسینی,اردبیل,Iran,mny.hsyny@example.com,040-40583500,1967-09-06T20:07:48.350Z
11,Mr,Yasin,Kolstad,Herøysund,Norway,yasin.kolstad@example.com,59116844,1945-06-13T10:25:23.998Z
12,Ms,الینا,قاسمی,شیراز,Iran,lyn.qsmy@example.com,028-10900563,1978-03-02T19:33:42.564Z
13,Mr,Vânio,Dias,Araguaína,Brazil,vanio.dias@example.com,(09) 5345-4516,1950-10-29T14:44:38.984Z
14,Miss,Esma,Erdoğan,Bitlis,Turkey,esma.erdogan@example.com,(662)-564-4257,1968-02-22T00:33:14.070Z
15,Mr,Nimit,Adiga,Rajkot,India,nimit.adiga@example.com,7738219790,1989-04-02T03:00:02.174Z
16,Miss,Lea,Martin,Field,Canada,lea.martin@example.com,W41 H04-4563,1995-12-29T21:58:29.039Z
17,Miss,Malusha,Bandurka,Berdichiv,Ukraine,malusha.bandurka@example.com,(066) L39-9762,1967-06-03T04:30:45.703Z
18,Mrs,Jovana,Aleksić,Crna Trava,Serbia,jovana.aleksic@example.com,036-3767-432,1974-01-12T18:50:12.718Z
19,Miss,Andréa,Garnier,Asnières-sur-Seine,France,andrea.garnier@example.com,05-63-10-11-85,1985-07-28T01:59:32.599Z
20,Mr,Guillermo,Vicente,Palma de Mallorca,Spain,guillermo.vicente@example.com,976-621-701,1967-06-25T23:14:33.947Z
21,Mrs,Delores,Baker,Hollywood,United States,delores.baker@example.com,(249) 789-8990,1975-11-17T00:16:44.785Z
22,Ms,Débora,Castro,Luziânia,Brazil,debora.castro@example.com,(92) 2958-7339,1965-11-06T14:20:30.309Z
23,Miss,الینا,كامياران,کرج,Iran,lyn.kmyrn@example.com,061-08863259,1948-04-17T04:47:22.525Z
24,Miss,Mélina,Clement,Tourcoing,France,melina.clement@example.com,04-48-38-75-20,1996-10-04T22:21:36.413Z
25,Mr,Oskari,Saari,Turku,Finland,oskari.saari@example.com,08-161-745,1956-05-29T08:31:14.273Z
26,Miss,Purificación,Mora,Torrente,Spain,purificacion.mora@example.com,951-569-150,1963-12-04T01:57:49.579Z
27,Miss,Ilse,Lebrón,Peto,Mexico,ilse.lebron@example.com,(636) 194 0642,1989-02-28T00:40:44.511Z
28,Miss,Wendeline,Ramjiawan,Lathum,Netherlands,wendeline.ramjiawan@example.com,(056) 2001037,1955-12-30T01:21:35.863Z
29,Miss,Latife,Özdenak,Adana,Turkey,latife.ozdenak@example.com,(382)-869-8687,1986-07-23T07:33:23.264Z
30,Mr,Fernando,Angulo,Calvillo,Mexico,fernando.angulo@example.com,(675) 697 5643,1947-03-18T00:59:20.250Z
31,Miss,Marsha,Brooks,Naperville,United States,marsha.brooks@example.com,(600) 719-1599,1962-02-02T10:04:11.112Z
32,Ms,Tonya,Gray,Anaheim,United States,tonya.gray@example.com,(868) 733-9556,1952-12-18T20:27:46.208Z
33,Ms,Jessica,Hayes,Sheffield,United Kingdom,jessica.hayes@example.com,017683 54005,1962-08-13T09:08:00.135Z
34,Mrs,Nicole,Kennedy,Lisburn,United Kingdom,nicole.kennedy@example.com,019467 23893,1963-08-31T06:28:48.798Z
35,Mr,Theo,Rivera,Liverpool,United Kingdom,theo.rivera@example.com,0116980 528 2716,1958-12-15T04:44:19.640Z
36,Mrs,Arundhati,Nagane,Mau,India,arundhati.nagane@example.com,8870080159,1968-06-07T16:05:46.404Z
37,Mrs,Balou,Volman,Gasthuis,Netherlands,balou.volman@example.com,(0804) 207104,1978-06-19T17:09:21.117Z
38,Mr,Aleksi,Koskinen,Pyhäranta,Finland,aleksi.koskinen@example.com,02-315-571,1997-06-06T08:23:58.759Z
39,Mr,Samuel,Hughes,Riverside,United States,samuel.hughes@example.com,(919) 429-1357,1990-07-26T06:53:48.142Z
40,Mr,Andreas,Christensen,Billum,Denmark,andreas.christensen@example.com,00173520,1992-09-12T18:50:30.370Z
41,Mr,Jacob,King,Nelson,New Zealand,jacob.king@example.com,(905)-286-1675,1972-04-14T23:35:20.508Z
42,Mr,Cameron,Paas,Oudeschild,Netherlands,cameron.paas@example.com,(099) 4498084,1979-09-05T16:35:14.465Z
43,Mrs,Addison,Lam,Armstrong,Canada,addison.lam@example.com,E27 Z19-5041,1964-01-07T10:36:01.016Z
44,Mr,Nikolaus,Schlüter,Kempen,Germany,nikolaus.schluter@example.com,0192-0999609,1966-05-03T00:45:52.337Z
45,Mr,نيما,احمدی,بروجرد,Iran,nym.hmdy@example.com,073-81681579,1953-02-26T11:12:52.969Z
46,Miss,Victoria,Sørensen,København Sv,Denmark,victoria.sorensen@example.com,73412576,1949-03-07T01:51:10.251Z
47,Mrs,Theresa,Roberts,Akron,United States,theresa.roberts@example.com,(872) 891-7125,1969-09-05T15:17:39.704Z
48,Mr,Angelo,Nguyen,Rueil-Malmaison,France,angelo.nguyen@example.com,05-81-34-06-50,1966-10-20T09:54:49.396Z
49,Mr,Christian,Jensen,Stenderup,Denmark,christian.jensen@example.com,35515045,1950-07-21T21:54:06.265Z
