,title,fName,lName,city,country,email,phone,dob
0,Mr,Eli,Davidson,Jackson,United States,eli.davidson@example.com,(697) 664-4260,1989-07-24T05:23:17.106Z
1,Ms,Elia,Dumas,Nancy,France,elia.dumas@example.com,01-50-88-64-71,1982-05-25T06:10:50.600Z
2,Mr,Randolfo,Cavalcanti,Poá,Brazil,randolfo.cavalcanti@example.com,(48) 1655-5778,1946-02-12T15:55:57.934Z
3,Ms,Vlatka,Čabarkapa,Vrbas,Serbia,vlatka.cabarkapa@example.com,022-4423-823,1990-05-19T20:40:05.019Z
4,Monsieur,Ricardo,Fabre,Rhäzüns,Switzerland,ricardo.fabre@example.com,078 065 87 60,1955-03-06T16:31:03.765Z
5,Mrs,Dariya,Dupliy,Karlivka,Ukraine,dariya.dupliy@example.com,(099) M33-6425,1952-06-19T02:36:25.245Z
6,Mr,Isaac,Lorenzo,Elche,Spain,isaac.lorenzo@example.com,926-851-242,1985-08-15T17:07:42.292Z
7,Miss,Ayşe,Tanrıkulu,Kırşehir,Turkey,ayse.tanrikulu@example.com,(637)-884-3320,1958-02-09T09:53:22.835Z
8,Mr,Ljuba,Malešević,Bačka Topola,Serbia,ljuba.malesevic@example.com,032-5326-672,1970-08-07T09:43:42.987Z
9,Ms,Matilda,Kumar,Invercargill,New Zealand,matilda.kumar@example.com,(758)-532-8123,1991-03-31T03:58:21.004Z
10,Mr,Klaus-Michael,Spindler,Hoya,Germany,klaus-michael.spindler@example.com,0097-3779615,1963-10-06T08:57:59.630Z
11,Mr,Alex,Howard,Launceston,Australia,alex.howard@example.com,01-6348-7257,1992-07-05T11:03:18.200Z
12,Mr,Harry,Davies,Napier,New Zealand,harry.davies@example.com,(330)-411-5914,2000-02-25T23:20:14.663Z
13,Mr,Hagen,Raith,Baesweiler,Germany,hagen.raith@example.com,0269-7872631,1985-12-11T09:47:09.193Z
14,Mr,Billy,Owens,Lewiston,United States,billy.owens@example.com,(272) 359-1028,1975-05-19T06:09:51.698Z
15,Mr,Dhiraj,Shenoy,Buxar,India,dhiraj.shenoy@example.com,9084385676,1967-03-27T12:55:50.825Z
16,Miss,Irene,Fonseca,Cuamío,Mexico,irene.fonseca@example.com,(689) 064 3726,1953-10-26T03:42:28.178Z
17,Mr,Arnaud,Singh,Westport,Canada,arnaud.singh@example.com,U65 G51-4881,1959-02-08T01:16:11.542Z
18,Mrs,Ülkü,Sinanoğlu,Hatay,Turkey,ulku.sinanoglu@example.com,(791)-254-8177,1963-01-10T22:09:31.528Z
19,Ms,Kitty,Mcdonalid,Albany,Australia,kitty.mcdonalid@example.com,07-8009-2162,1949-05-21T05:01:10.736Z
20,Mr,Dharun,Salian,Bhind,India,dharun.salian@example.com,7001149389,1959-05-19T15:26:24.772Z
21,Mr,Manassés,Rocha,Itaquaquecetuba,Brazil,manasses.rocha@example.com,(11) 8840-7298,1971-06-04T00:39:23.909Z
22,Ms,Molly,Johnson,Invercargill,New Zealand,molly.johnson@example.com,(491)-382-6684,1995-05-18T10:55:56.212Z
23,Ms,Inalda,da Paz,Valparaíso de Goiás,Brazil,inalda.dapaz@example.com,(51) 3249-2468,1964-03-07T01:08:38.810Z
24,Miss,Hailey,Ma,Southampton,Canada,hailey.ma@example.com,Y60 C26-3260,1952-07-27T21:27:43.368Z
25,Mr,Miloje,Zeljković,Odžaci,Serbia,miloje.zeljkovic@example.com,034-4473-186,1989-05-21T11:28:36.452Z
26,Ms,Hélèna,Legrand,Avignon,France,helena.legrand@example.com,05-41-88-21-92,1957-08-28T10:35:41.685Z
27,Ms,Elsa,Tanner,Puumala,Finland,elsa.tanner@example.com,03-366-696,1955-04-05T03:12:58.579Z
28,Miss,Iida,Jokela,Suomenniemi,Finland,iida.jokela@example.com,03-408-749,1959-09-27T13:37:05.770Z
29,Mr,Bill,Griffin,Clearwater,United States,bill.griffin@example.com,(965) 638-8453,1982-06-23T15:09:17.651Z
30,Ms,Svitolyuba,Rik,Zaporizhzhya,Ukraine,svitolyuba.rik@example.com,(067) M19-5070,1972-07-12T03:32:11.456Z
31,Mr,Leo,Kari,Kiikoinen,Finland,leo.kari@example.com,04-609-755,1975-09-04T22:23:45.551Z
32,Ms,Allie,Jenkins,Lichfield,United Kingdom,allie.jenkins@example.com,017683 56176,1947-10-05T20:03:03.307Z
33,Miss,Radimira,Olefirenko,Krasnograd,Ukraine,radimira.olefirenko@example.com,(099) X11-2748,1945-08-03T18:39:18.613Z
34,Mr,Benjamin,Thomsen,Beder,Denmark,benjamin.thomsen@example.com,82273620,1952-11-04T21:04:52.187Z
35,Miss,Peyton,Chen,Palmerston North,New Zealand,peyton.chen@example.com,(702)-886-7340,1975-06-03T06:56:14.471Z
36,Miss,Luisa,Méndez,Málaga,Spain,luisa.mendez@example.com,968-780-128,1961-11-04T10:40:07.123Z
37,Mr,Özkan,Köybaşı,Ordu,Turkey,ozkan.koybasi@example.com,(550)-940-0827,1959-05-02T19:00:26.663Z
38,Ms,Ceyhan,Aybar,Uşak,Turkey,ceyhan.aybar@example.com,(229)-293-9330,2000-06-30T10:41:15.532Z
39,Mrs,Lada,Pejaković,Vrbas,Serbia,lada.pejakovic@example.com,011-5147-176,1984-02-27T03:11:12.342Z
40,Mrs,Liliane,Overeem,Burgum,Netherlands,liliane.overeem@example.com,(0588) 070163,1949-05-12T17:28:37.425Z
41,Madame,Anneliese,Lecomte,Uznach,Switzerland,anneliese.lecomte@example.com,075 314 26 54,1983-08-23T22:46:48.678Z
42,Mr,Logan,Lewis,Shepparton,Australia,logan.lewis@example.com,08-3191-8029,1974-11-08T08:18:05.090Z
43,Mr,محمدامين,مرادی,یزد,Iran,mhmdmyn.mrdy@example.com,058-06820501,1947-01-08T20:55:21.435Z
44,Mrs,Lotta,Lehtonen,Jyväskylä,Finland,lotta.lehtonen@example.com,07-902-740,1957-08-26T03:36:57.218Z
45,Mrs,Elvira,das Neves,Teresópolis,Brazil,elvira.dasneves@example.com,(01) 9831-5968,1956-09-11T16:56:37.044Z
46,Mrs,Enora,Arnaud,Courbevoie,France,enora.arnaud@example.com,04-98-08-99-70,1987-03-11T11:21:55.596Z
47,Mr,Charles,Scott,Cadillac,Canada,charles.scott@example.com,Q08 F62-7307,1963-03-05T16:26:45.832Z
48,Mrs,Angela,Olson,Oxford,United Kingdom,angela.olson@example.com,017684 42917,1986-08-16T14:00:59.309Z
49,Mr,Nicholas,Adams,Carrick-on-Shannon,Ireland,nicholas.adams@example.com,011-204-1948,1957-01-28T20:29:00.823Z
