,title,fName,lName,city,country,email,phone,dob
0,Mr,Jake,Moore,New Plymouth,New Zealand,jake.moore@example.com,(508)-626-7645,1973-03-31T17:10:04.928Z
1,Mrs,Beverley,Little,Sacramento,United States,beverley.little@example.com,(640) 398-7120,1982-05-04T22:43:43.276Z
2,Miss,Caroline,Watts,York,United Kingdom,caroline.watts@example.com,01025 28045,1980-11-29T22:28:12.252Z
3,Ms,Stella,Ose,Bøverbru,Norway,stella.ose@example.com,82823127,1972-02-28T14:08:31.767Z
4,Mr,Niklas,Kangas,Kokkola,Finland,niklas.kangas@example.com,09-186-750,2001-03-29T15:44:49.923Z
5,Mr,Nicolas,Vicente,Murcia,Spain,nicolas.vicente@example.com,976-056-894,1957-10-08T06:17:39.302Z
6,Ms,Ria,Trautmann,Grevesmühlen,Germany,ria.trautmann@example.com,0130-6162869,1984-05-15T19:13:52.296Z
7,Miss,Lola,Lane,Dundalk,Ireland,lola.lane@example.com,041-774-1892,1954-02-06T00:44:58.881Z
8,Ms,Sharlene,Bailey,Cary,United States,sharlene.bailey@example.com,(360) 798-0095,1996-05-27T15:25:21.931Z
9,Mr,Alfredo,Castillo,Las Palmas de Gran Canaria,Spain,alfredo.castillo@example.com,910-678-893,1977-11-26T09:00:20.447Z
10,Ms,Mikaela,Jones,Skei,Norway,mikaela.jones@example.com,30921425,1986-09-18T06:47:44.097Z
11,Ms,Hailey,Margaret,Red Rock,Canada,hailey.margaret@example.com,S86 W85-6412,1948-10-29T22:38:34.061Z
12,Mr,Thibaut,Rolland,Fort-de-France,France,thibaut.rolland@example.com,05-94-68-01-29,1980-02-25T11:06:48.309Z
13,Mr,Onur,Körmükçü,Tekirdağ,Turkey,onur.kormukcu@example.com,(775)-304-1444,1950-06-18T21:40:55.851Z
14,Ms,Signe,Kristensen,Stokkemarke,Denmark,signe.kristensen@example.com,90781595,1981-06-13T13:36:35.923Z
15,Mrs,Heather,Hansen,Thurles,Ireland,heather.hansen@example.com,071-486-9632,1963-08-11T08:13:45.807Z
16,Mr,Adónis,Campos,Paulo Afonso,Brazil,adonis.campos@example.com,(80) 4429-5102,1994-07-22T05:43:43.721Z
17,Ms,Marta,Sokolović,Niš,Serbia,marta.sokolovic@example.com,026-6592-644,1971-01-16T16:46:23.040Z
18,Mr,Vlade,Kojić,Sombor,Serbia,vlade.kojic@example.com,023-9715-593,1996-06-03T18:36:19.810Z
19,Miss,Keira,Wang,Hamilton,New Zealand,keira.wang@example.com,(228)-642-2636,1954-01-20T12:19:08.111Z
20,Ms,Kvitka,Gotra,Zolote,Ukraine,kvitka.gotra@example.com,(066) H16-3261,1954-04-04T02:25:34.654Z
21,Ms,Lioba,Gaida,Bad Gandersheim,Germany,lioba.gaida@example.com,0309-7606115,1978-10-31T19:27:46.549Z
22,Mrs,Matilda,Salmi,Koski,Finland,matilda.salmi@example.com,05-598-546,1997-12-17T02:54:30.379Z
23,Mr,Ümit,Küçükler,Bolu,Turkey,umit.kucukler@example.com,(741)-703-5691,1966-09-23T16:07:35.613Z
24,Mrs,Emeline,Marchand,Tours,France,emeline.marchand@example.com,05-86-37-40-60,1996-01-02T04:14:14.569Z
25,Mr,Tobias,Olsen,Sandved,Denmark,tobias.olsen@example.com,00252115,1959-12-30T02:36:03.877Z
26,Mr,Mason,Claire,Wellington,Canada,mason.claire@example.com,H95 O06-0482,1986-10-07T03:33:50.147Z
27,Mrs,Abigaïl,Boere,De Lutte,Netherlands,abigail.boere@example.com,(0459) 637511,1978-08-22T14:52:55.498Z
28,Ms,Eslem,Steenbruggen,Jisp,Netherlands,eslem.steenbruggen@example.com,(060) 3619379,1987-01-11T08:47:13.070Z
29,Mrs,Annette,Gardner,Warrnambool,Australia,annette.gardner@example.com,03-9862-0268,2000-02-07T16:35:14.732Z
30,Mr,Matthew,Li,Palmerston North,New Zealand,matthew.li@example.com,(108)-406-4559,1965-08-08T14:09:24.345Z
31,Mr,Ryan,White,Fauquier,Canada,ryan.white@example.com,G26 Q28-2841,1977-07-31T06:26:18.300Z
32,Ms,Zeni,Farias,Campos dos Goytacazes,Brazil,zeni.farias@example.com,(46) 8280-4078,1989-05-10T05:18:11.862Z
33,Mrs,Leah,Marthinussen,Dalemarka,Norway,leah.marthinussen@example.com,77526436,1963-11-03T13:09:24.247Z
34,Miss,Sofia,Lambert,Coventry,United Kingdom,sofia.lambert@example.com,017684 31222,1987-02-13T21:52:39.017Z
35,Mrs,Evelyn,Thompson,Richmond,United States,evelyn.thompson@example.com,(686) 685-2913,1984-02-02T19:53:48.347Z
36,Miss,Jeanette,Pierce,Bundaberg,Australia,jeanette.pierce@example.com,05-3647-8883,1948-08-31T01:28:16.455Z
37,Mr,Timothe,Martinez,Nice,France,timothe.martinez@example.com,03-77-26-82-21,1973-03-29T13:36:05.043Z
38,Mrs,Martha,Prieto,Mezcales,Mexico,martha.prieto@example.com,(650) 612 7390,1963-10-23T09:10:31.765Z
39,Mr,Aapo,Korpi,Lappajärvi,Finland,aapo.korpi@example.com,07-478-707,1952-06-25T23:28:05.080Z
40,Mr,Marc,Rodriquez,Wagga Wagga,Australia,marc.rodriquez@example.com,02-6312-4995,1969-11-17T22:13:05.156Z
41,Mr,Clyde,Vargas,Portsmouth,United Kingdom,clyde.vargas@example.com,0114709 525 9286,1949-11-30T07:15:52.718Z
42,Mr,Federico,Van Seventer,Leeuwarderadeel,Netherlands,federico.vanseventer@example.com,(0163) 054534,1972-11-18T07:33:36.296Z
43,Mr,بنیامین,کریمی,نیشابور,Iran,bnymyn.khrymy@example.com,063-78691946,1994-07-31T06:52:47.732Z
44,Mr,Alfredo,Pérez,Gandía,Spain,alfredo.perez@example.com,950-060-814,1944-12-13T06:27:14.585Z
45,Monsieur,Ludovic,Leroy,Cudrefin,Switzerland,ludovic.leroy@example.com,076 942 24 72,1966-07-24T13:05:26.442Z
46,Miss,Ava,Nguyen,Sunderland,United Kingdom,ava.nguyen@example.com,0113753 355 4720,1955-11-27T10:19:15.136Z
47,Mr,Mimon,Duarte,Araçatuba,Brazil,mimon.duarte@example.com,(55) 8995-8577,1972-09-08T04:42:06.419Z
48,Miss,Charlie,Miller,Port Elgin,Canada,charlie.miller@example.com,Q67 N80-7046,1999-04-01T11:10:44.700Z
49,Ms,Marisol,Ulloa,Ciudad Delicias,Mexico,marisol.ulloa@example.com,(635) 142 3089,1962-11-01T05:18:05.091Z
