,title,fName,lName,city,country,email,phone,dob
0,Miss,Brooklyn,White,Devonport,Australia,brooklyn.white@example.com,04-2679-2000,1955-03-05T09:32:30.475Z
1,Mr,Kaya,Fahri,Elazığ,Turkey,kaya.fahri@example.com,(074)-787-9473,1959-01-22T02:06:41.364Z
2,Miss,Isabella,Reyes,Preston,United Kingdom,isabella.reyes@example.com,015396 93072,1986-07-20T14:48:43.159Z
3,Miss,Aino,Kalas,Alavus,Finland,aino.kalas@example.com,08-924-790,1950-05-21T15:00:31.572Z
4,Mr,Vilho,Ylitalo,Pielavesi,Finland,vilho.ylitalo@example.com,05-005-908,2001-02-02T00:40:59.373Z
5,Mr,Shchedrogost,Fartushnyak,Kicman,Ukraine,shchedrogost.fartushnyak@example.com,(097) P49-6055,1988-02-12T02:55:30.355Z
6,Mr,Samuel,Richardson,Rush,Ireland,samuel.richardson@example.com,061-720-5677,1957-11-30T01:27:48.464Z
7,Mrs,Jaqueline,Villanueva,Los Reyes,Mexico,jaqueline.villanueva@example.com,(662) 290 3029,1957-04-23T08:48:14.743Z
8,Mr,Byron,Fisher,Hereford,United Kingdom,byron.fisher@example.com,028 3518 3483,1960-10-08T08:32:55.894Z
9,Madame,Melanie,Arnaud,Schinznach-Bad,Switzerland,melanie.arnaud@example.com,079 492 14 00,1951-11-03T13:37:38.840Z
10,Mrs,Mildred,Andrews,Australian Capital Territory,Australia,mildred.andrews@example.com,07-9016-7002,1952-05-15T22:46:25.552Z
11,Mr,شایان,پارسا,بروجرد,Iran,shyn.prs@example.com,058-11163167,1971-04-26T05:31:34.112Z
12,Mr,Atharv,Hiremath,Akola,India,atharv.hiremath@example.com,9188652893,1953-05-20T07:23:27.283Z
13,Ms,Tonje,Lilletvedt,Moltustranda,Norway,tonje.lilletvedt@example.com,38629647,1969-10-02T23:12:14.924Z
14,Mr,Jens-Uwe,Peschke,Flörsheim am Main,Germany,jens-uwe.peschke@example.com,0509-4381053,1992-01-09T15:45:26.169Z
15,Ms,Liliam,Fogaça,Petrolina,Brazil,liliam.fogaca@example.com,(40) 6477-2429,1963-01-18T08:33:18.090Z
16,Miss,Jasna,Vujčić,Svrljig,Serbia,jasna.vujcic@example.com,026-1240-588,1961-05-23T15:28:18.480Z
17,Mrs,Vishrutha,Rajesh,Lucknow,India,vishrutha.rajesh@example.com,8997887192,1949-09-13T18:33:26.199Z
18,Mr,دانیال,زارعی,آمل,Iran,dnyl.zraay@example.com,075-37786247,1985-07-19T08:56:56.667Z
19,Mrs,Katrine,Mortensen,Ishoej,Denmark,katrine.mortensen@example.com,19407242,1961-09-13T01:14:03.088Z
20,Mr,Parv,Banerjee,Narasaraopet,India,parv.banerjee@example.com,8645199403,1963-04-03T01:01:35.515Z
21,Mr,Goran,Katanić,Trstenik,Serbia,goran.katanic@example.com,035-5521-092,1951-12-29T09:33:12.979Z
22,Mr,Ljubisav,Subašić,Niš,Serbia,ljubisav.subasic@example.com,015-6975-068,1957-04-22T20:35:31.638Z
23,Mr,Isaac,Nieto,Santa Cruz de Tenerife,Spain,isaac.nieto@example.com,993-045-783,1991-06-28T14:27:05.970Z
24,Mrs,Silke,Christiansen,Rønnede,Denmark,silke.christiansen@example.com,39961442,1949-09-27T21:51:39.696Z
25,Ms,Ho,Hess,Sint Kruis,Netherlands,ho.hess@example.com,(056) 7146141,1946-03-17T19:51:29.242Z
26,Mrs,Suzy,Bailey,Drogheda,Ireland,suzy.bailey@example.com,051-350-5423,1965-01-03T20:44:37.990Z
27,Mr,Roy,Meyer,Newbridge,Ireland,roy.meyer@example.com,071-407-0584,1995-01-15T02:09:48.055Z
28,Mr,Patricio,Ordóñez,Estación San José,Mexico,patricio.ordonez@example.com,(635) 924 8606,1977-02-05T05:19:31.269Z
29,Mr,Juan,Ibáñez,Hospitalet de Llobregat,Spain,juan.ibanez@example.com,949-583-404,1948-07-02T14:00:30.148Z
30,Mrs,Harriet,Reuvekamp,Ambt Delden,Netherlands,harriet.reuvekamp@example.com,(069) 5026411,1997-01-13T08:25:33.366Z
31,Mr,Federico,Solorzano,La Esperanza,Mexico,federico.solorzano@example.com,(630) 201 5235,1965-09-18T13:38:34.769Z
32,Miss,Layla,Stevens,Warragul,Australia,layla.stevens@example.com,06-4562-4364,1995-04-16T03:04:49.504Z
33,Mr,Harvey,Fitzsimmons,Portmarnock,Ireland,harvey.fitzsimmons@example.com,021-444-2481,1969-12-30T13:56:16.709Z
34,Miss,Eleanor,Watkins,Jersey City,United States,eleanor.watkins@example.com,(331) 522-1501,1957-12-11T02:46:51.150Z
35,Mrs,Richelle,Verschoor,Eeserveen Borger,Netherlands,richelle.verschoor@example.com,(081) 2316805,1952-01-06T09:06:51.803Z
36,Ms,Alma,Poulsen,Rønnede,Denmark,alma.poulsen@example.com,44371005,1957-09-12T17:02:54.713Z
37,Mr,Storm,Christiansen,Haslev,Denmark,storm.christiansen@example.com,68965974,1971-04-16T00:37:12.057Z
38,Ms,Sudha,Shah,Loni,India,sudha.shah@example.com,9327944231,1952-10-25T16:38:46.987Z
39,Miss,Emie,Valentijn,Spijkenisse,Netherlands,emie.valentijn@example.com,(006) 2782203,1998-11-14T17:22:55.992Z
40,Mr,Terrence,Wilson,Odessa,United States,terrence.wilson@example.com,(704) 634-3583,1974-10-03T03:42:52.013Z
41,Ms,Vicky,Oliver,Skerries,Ireland,vicky.oliver@example.com,051-967-1504,1965-02-10T13:05:05.607Z
42,Ms,Eline,Dumas,Courbevoie,France,eline.dumas@example.com,02-34-97-63-57,1983-06-29T20:24:38.122Z
43,Mrs,Jade,Morin,Radisson,Canada,jade.morin@example.com,E52 V98-7229,1950-01-01T02:27:10.360Z
44,Mr,Rodrigo,Santillán,Tila,Mexico,rodrigo.santillan@example.com,(670) 156 1442,1976-05-28T05:21:43.345Z
45,Ms,Ida,Rasmussen,Odense Sv,Denmark,ida.rasmussen@example.com,91746415,1966-07-21T22:55:42.969Z
46,Mr,Vognyan,Gubenko,Berdichiv,Ukraine,vognyan.gubenko@example.com,(096) V89-7662,1971-01-08T10:03:46.145Z
47,Mr,رهام,مرادی,سنندج,Iran,rhm.mrdy@example.com,077-92281952,1972-05-04T21:56:52.162Z
48,Miss,Hilla,Saarinen,Kokkola,Finland,hilla.saarinen@example.com,05-751-358,1981-01-22T12:52:43.885Z
49,Mr,Lewis,Lord,Kinsealy-Drinan,Ireland,lewis.lord@example.com,071-132-2296,1981-05-25T19:14:26.362Z
